-- phpMyAdmin SQL Dump
-- version 5.2.1
-- https://www.phpmyadmin.net/
--
-- Servidor: 127.0.0.1
-- Tiempo de generación: 30-09-2025 a las 23:56:53
-- Versión del servidor: 10.4.32-MariaDB
-- Versión de PHP: 8.2.12

SET SQL_MODE = "NO_AUTO_VALUE_ON_ZERO";
START TRANSACTION;
SET time_zone = "+00:00";


/*!40101 SET @OLD_CHARACTER_SET_CLIENT=@@CHARACTER_SET_CLIENT */;
/*!40101 SET @OLD_CHARACTER_SET_RESULTS=@@CHARACTER_SET_RESULTS */;
/*!40101 SET @OLD_COLLATION_CONNECTION=@@COLLATION_CONNECTION */;
/*!40101 SET NAMES utf8mb4 */;

--
-- Base de datos: `sistemaventa`
--

-- --------------------------------------------------------

--
-- Estructura de tabla para la tabla `cliente`
--

CREATE TABLE `cliente` (
  `codcliente` int(11) NOT NULL,
  `nombrecliente` varchar(255) NOT NULL,
  `cinit` int(11) NOT NULL,
  `telefono` varchar(20) DEFAULT NULL
) ENGINE=InnoDB DEFAULT CHARSET=utf8mb4 COLLATE=utf8mb4_general_ci;

--
-- Volcado de datos para la tabla `cliente`
--

INSERT INTO `cliente` (`codcliente`, `nombrecliente`, `cinit`, `telefono`) VALUES
(1, 'Jessica Carbonell', 563936, '2978657'),
(2, 'Gypsy Houseley', 561419, '2771749'),
(3, 'Dalli Staterfield', 755012, '2806148'),
(4, 'Phillipe Jowitt', 355054, '2846263'),
(5, 'Alisa Hammerson', 795958, '2111100'),
(6, 'Rossie Caron', 307002, '2712472'),
(7, 'Lydon Hearmon', 490316, '2034705'),
(8, 'Ginny Ballentime', 950744, '2809337'),
(9, 'Gates Sockell', 374054, '2089410'),
(10, 'Diandra Bartomeu', 838801, '2974615'),
(11, 'Rogers Tomasek', 950707, '2599525'),
(12, 'Townie MacSweeney', 663619, '2327718'),
(13, 'Gaston MacCaughan', 413634, '2562130'),
(14, 'Joelle Vondrak', 554493, '2595594'),
(15, 'Jermaine Pulsford', 549922, '2538176'),
(16, 'Ange Gilling', 407449, '2599393'),
(17, 'Tanya Housecroft', 444465, '2629721'),
(18, 'Raven Foort', 710394, '2328877'),
(19, 'Bobinette Staten', 330718, '2946615'),
(20, 'Jethro Glandon', 733749, '2085227'),
(21, 'Curcio Martinyuk', 637355, '2551156'),
(22, 'Nicolai Hellicar', 499823, '2393535'),
(23, 'Cody Sommerlie', 586652, '2941083'),
(24, 'Zandra Leggen', 697861, '2434990'),
(25, 'Christiane Gawthrope', 539271, '2810719'),
(26, 'Annamarie Convery', 649230, '2698706'),
(27, 'Genevieve Ritson', 314286, '2666882'),
(28, 'Bord Hargreave', 490868, '2606647'),
(29, 'Mickie Hatherley', 531958, '2810255'),
(30, 'Jacki Shorto', 471675, '2915661'),
(31, 'Chaunce Haddleston', 809113, '2640024'),
(32, 'Melva Derisley', 535103, '2310531'),
(33, 'Norine Oley', 565895, '2758665'),
(34, 'Sherwynd Sames', 750425, '2287436'),
(35, 'Nan Kleinerman', 318550, '2479989'),
(36, 'Jacobo Leeder', 912178, '2474349'),
(37, 'Fredi Alsobrook', 811926, '2341941'),
(38, 'Darcee Isaacs', 793429, '2204758'),
(39, 'Connor Woolmore', 964182, '2949295'),
(40, 'Berti Wooffinden', 510566, '2783213'),
(41, 'Katrine McAless', 686622, '2619957'),
(42, 'Finley Stook', 770317, '2908648'),
(43, 'Lavinie Jaquemar', 805630, '2464755'),
(44, 'Osbourn Baldin', 913516, '2735206'),
(45, 'Eve Fountain', 321549, '2076755'),
(46, 'Elvin Schrieves', 956513, '2673115'),
(47, 'Kacey Kenshole', 744310, '2759169'),
(48, 'Aron Waltho', 937175, '2602975'),
(49, 'Whittaker Layson', 473305, '2701013'),
(50, 'Jeannine Molian', 971678, '2682407');

-- --------------------------------------------------------

--
-- Estructura de tabla para la tabla `detalleventa`
--

CREATE TABLE `detalleventa` (
  `coddetalleventa` int(11) NOT NULL,
  `codventa` int(11) NOT NULL,
  `codproducto` int(11) NOT NULL,
  `cantidad` int(11) NOT NULL,
  `precioventa` decimal(10,2) NOT NULL
) ENGINE=InnoDB DEFAULT CHARSET=utf8mb4 COLLATE=utf8mb4_general_ci;

--
-- Volcado de datos para la tabla `detalleventa`
--

INSERT INTO `detalleventa` (`coddetalleventa`, `codventa`, `codproducto`, `cantidad`, `precioventa`) VALUES
(1, 150, 43, 20, 879.52),
(2, 163, 21, 9, 372.47),
(3, 197, 1, 17, 473.51),
(4, 177, 39, 6, 61.54),
(5, 105, 2, 34, 278.41),
(6, 184, 44, 32, 881.31),
(7, 178, 46, 5, 106.96),
(8, 179, 36, 40, 919.01),
(9, 152, 25, 38, 593.40),
(10, 137, 24, 36, 429.06),
(11, 179, 34, 13, 77.14),
(12, 192, 42, 41, 905.77),
(13, 137, 34, 18, 718.27),
(14, 136, 14, 35, 498.30),
(15, 188, 33, 7, 962.94),
(16, 179, 30, 16, 3.24),
(17, 103, 2, 46, 32.51),
(18, 147, 29, 28, 917.27),
(19, 131, 37, 14, 536.50),
(20, 113, 32, 17, 399.54),
(21, 155, 23, 41, 879.72),
(22, 105, 47, 6, 594.05),
(23, 145, 7, 23, 421.92),
(24, 115, 11, 26, 561.83),
(25, 191, 39, 40, 890.06),
(26, 145, 19, 3, 412.97),
(27, 156, 26, 5, 207.23),
(28, 136, 19, 31, 413.59),
(29, 137, 27, 28, 524.44),
(30, 108, 29, 32, 928.82),
(31, 113, 44, 28, 301.52),
(32, 165, 12, 46, 264.23),
(33, 170, 47, 40, 408.50),
(34, 167, 39, 10, 751.11),
(35, 120, 13, 23, 548.87),
(36, 187, 10, 43, 128.96),
(37, 112, 8, 8, 152.30),
(38, 146, 9, 20, 132.23),
(39, 179, 38, 26, 685.79),
(40, 105, 20, 45, 757.40),
(41, 124, 1, 5, 668.36),
(42, 172, 9, 2, 360.19),
(43, 116, 25, 37, 899.25),
(44, 122, 10, 21, 555.64),
(45, 111, 30, 50, 833.35),
(46, 169, 34, 4, 620.21),
(47, 115, 43, 40, 345.67),
(48, 164, 45, 50, 709.26),
(49, 152, 24, 21, 869.54),
(50, 143, 37, 12, 618.56),
(51, 108, 24, 4, 642.52),
(52, 101, 41, 43, 408.78),
(53, 152, 8, 25, 61.84),
(54, 129, 3, 41, 490.82),
(55, 121, 13, 18, 499.14),
(56, 191, 37, 28, 248.77),
(57, 127, 6, 39, 706.36),
(58, 161, 21, 27, 999.01),
(59, 183, 8, 47, 835.26),
(60, 115, 25, 18, 505.59),
(61, 106, 36, 31, 702.63),
(62, 136, 41, 8, 874.08),
(63, 143, 10, 11, 207.69),
(64, 103, 32, 15, 284.27),
(65, 196, 19, 36, 423.98),
(66, 133, 31, 2, 550.93),
(67, 186, 13, 16, 969.83),
(68, 102, 14, 13, 968.20),
(69, 175, 17, 39, 110.25),
(70, 143, 4, 12, 270.49),
(71, 198, 42, 15, 690.90),
(72, 106, 16, 16, 317.35),
(73, 109, 35, 17, 392.86),
(74, 176, 42, 49, 905.63),
(75, 115, 35, 45, 697.94),
(76, 106, 40, 14, 953.09),
(77, 101, 47, 44, 927.53),
(78, 186, 47, 39, 13.13),
(79, 193, 14, 39, 202.02),
(80, 117, 1, 43, 163.23),
(81, 155, 48, 45, 47.23),
(82, 154, 39, 31, 297.27),
(83, 170, 45, 19, 962.24),
(84, 130, 4, 41, 9.18),
(85, 152, 21, 48, 930.09),
(86, 128, 25, 29, 731.98),
(87, 112, 30, 24, 818.98),
(88, 120, 8, 28, 24.28),
(89, 129, 16, 38, 103.03),
(90, 156, 12, 26, 265.76),
(91, 185, 43, 42, 570.07),
(92, 104, 8, 17, 710.28),
(93, 123, 14, 6, 975.74),
(94, 126, 26, 1, 305.80),
(95, 133, 31, 5, 27.98),
(96, 115, 15, 41, 961.41),
(97, 130, 46, 44, 27.26),
(98, 184, 44, 44, 318.94),
(99, 105, 38, 37, 309.13),
(100, 122, 33, 22, 161.02),
(101, 174, 42, 34, 120.46),
(102, 170, 29, 34, 171.83),
(103, 167, 41, 28, 163.29),
(104, 132, 35, 46, 286.45),
(105, 124, 39, 19, 467.57),
(106, 130, 16, 41, 744.88),
(107, 136, 14, 50, 879.74),
(108, 152, 33, 1, 916.48),
(109, 194, 28, 43, 611.28),
(110, 148, 28, 4, 556.64),
(111, 200, 25, 18, 836.99),
(112, 132, 4, 4, 740.94),
(113, 157, 2, 41, 588.53),
(114, 165, 3, 31, 404.11),
(115, 175, 14, 8, 332.25),
(116, 130, 29, 38, 920.43),
(117, 106, 30, 24, 34.26),
(118, 123, 9, 1, 832.37),
(119, 187, 12, 12, 613.66),
(120, 117, 35, 26, 587.25),
(121, 200, 7, 45, 915.43),
(122, 138, 11, 1, 307.78),
(123, 149, 1, 46, 48.77),
(124, 191, 34, 30, 40.94),
(125, 150, 1, 3, 299.48),
(126, 158, 46, 38, 734.66),
(127, 134, 22, 37, 429.13),
(128, 169, 45, 23, 295.29),
(129, 188, 14, 2, 774.66),
(130, 131, 17, 50, 918.29),
(131, 105, 30, 4, 988.44),
(132, 152, 39, 33, 934.75),
(133, 107, 29, 20, 553.59),
(134, 115, 33, 4, 257.74),
(135, 158, 25, 39, 963.15),
(136, 141, 31, 49, 189.48),
(137, 182, 42, 46, 594.61),
(138, 125, 15, 46, 860.97),
(139, 165, 33, 10, 231.24),
(140, 115, 48, 47, 26.57),
(141, 193, 40, 21, 738.05),
(142, 147, 41, 34, 913.38),
(143, 177, 12, 9, 32.25),
(144, 153, 32, 27, 523.99),
(145, 129, 42, 21, 142.13),
(146, 159, 23, 1, 521.69),
(147, 120, 36, 23, 251.54),
(148, 102, 30, 22, 752.41),
(149, 109, 38, 12, 644.41),
(150, 184, 17, 13, 144.40),
(151, 132, 14, 43, 864.89),
(152, 156, 33, 26, 46.52),
(153, 158, 34, 17, 672.62),
(154, 118, 50, 42, 5.78),
(155, 158, 25, 30, 199.77),
(156, 191, 12, 42, 44.39),
(157, 189, 36, 29, 952.21),
(158, 142, 42, 37, 228.24),
(159, 148, 47, 40, 592.76),
(160, 123, 29, 37, 273.76),
(161, 139, 20, 26, 992.31),
(162, 100, 15, 42, 272.61),
(163, 146, 2, 49, 357.29),
(164, 136, 29, 29, 647.32),
(165, 163, 36, 16, 568.48),
(166, 187, 29, 14, 698.06),
(167, 129, 47, 46, 611.54),
(168, 182, 20, 34, 156.96),
(169, 110, 42, 23, 248.00),
(170, 127, 49, 26, 420.09),
(171, 158, 29, 10, 299.97),
(172, 116, 29, 32, 489.75),
(173, 153, 15, 47, 570.41),
(174, 178, 22, 13, 888.93),
(175, 178, 29, 16, 716.32),
(176, 146, 4, 14, 913.72),
(177, 124, 30, 32, 362.79),
(178, 140, 13, 50, 811.31),
(179, 172, 40, 49, 26.83),
(180, 126, 46, 23, 473.30),
(181, 134, 24, 1, 50.85),
(182, 148, 23, 39, 670.94),
(183, 124, 5, 31, 227.26),
(184, 197, 4, 31, 819.96),
(185, 104, 21, 23, 237.69),
(186, 104, 30, 30, 507.39),
(187, 175, 33, 10, 989.29),
(188, 158, 1, 25, 660.34),
(189, 198, 39, 13, 978.11),
(190, 140, 49, 15, 210.92),
(191, 182, 48, 46, 27.21),
(192, 111, 28, 21, 826.37),
(193, 113, 36, 9, 123.55),
(194, 126, 4, 13, 636.81),
(195, 136, 23, 34, 225.37),
(196, 126, 8, 42, 980.34),
(197, 195, 46, 44, 261.40),
(198, 189, 2, 3, 626.18),
(199, 153, 18, 45, 275.87),
(200, 107, 38, 24, 291.76),
(201, 184, 15, 5, 442.06),
(202, 122, 25, 4, 551.46),
(203, 101, 5, 10, 381.54),
(204, 126, 7, 45, 440.70),
(205, 110, 11, 2, 878.42),
(206, 140, 42, 23, 418.78),
(207, 165, 12, 1, 133.79),
(208, 171, 15, 19, 187.79),
(209, 112, 11, 5, 290.90),
(210, 158, 45, 10, 123.15),
(211, 174, 30, 12, 99.54),
(212, 142, 29, 21, 964.37),
(213, 168, 34, 33, 920.22),
(214, 191, 15, 7, 720.55),
(215, 137, 5, 1, 50.41),
(216, 196, 21, 8, 199.01),
(217, 190, 27, 35, 899.54),
(218, 151, 14, 14, 529.55),
(219, 190, 49, 44, 735.01),
(220, 192, 17, 5, 684.25),
(221, 134, 21, 32, 974.25),
(222, 191, 33, 18, 301.73),
(223, 167, 23, 26, 561.79),
(224, 149, 32, 44, 972.33),
(225, 166, 41, 34, 2.49),
(226, 118, 36, 39, 69.21),
(227, 117, 41, 32, 37.55),
(228, 188, 28, 31, 484.15),
(229, 144, 16, 19, 928.19),
(230, 184, 41, 10, 676.33),
(231, 138, 49, 47, 699.71),
(232, 183, 18, 47, 429.32),
(233, 111, 36, 10, 561.73),
(234, 153, 5, 49, 577.55),
(235, 101, 31, 34, 97.02),
(236, 131, 14, 50, 742.72),
(237, 172, 35, 41, 150.57),
(238, 104, 31, 38, 309.75),
(239, 133, 17, 39, 728.84),
(240, 171, 11, 25, 642.71),
(241, 129, 14, 9, 83.68),
(242, 110, 25, 50, 563.52),
(243, 187, 1, 26, 590.61),
(244, 176, 3, 29, 8.91),
(245, 194, 22, 11, 601.85),
(246, 195, 45, 6, 302.76),
(247, 107, 7, 45, 982.08),
(248, 105, 42, 22, 401.68),
(249, 177, 26, 45, 818.02),
(250, 187, 5, 44, 517.48),
(251, 177, 33, 23, 826.70),
(252, 177, 17, 43, 298.90),
(253, 154, 15, 43, 554.06),
(254, 134, 30, 33, 827.35),
(255, 189, 8, 24, 231.39),
(256, 127, 6, 29, 299.63),
(257, 159, 30, 43, 741.58),
(258, 123, 36, 37, 424.46),
(259, 104, 39, 28, 684.70),
(260, 146, 44, 17, 714.09),
(261, 192, 36, 42, 438.73),
(262, 165, 1, 43, 608.68),
(263, 176, 43, 49, 61.74),
(264, 123, 28, 41, 453.69),
(265, 151, 8, 29, 135.06),
(266, 151, 45, 42, 237.41),
(267, 159, 50, 7, 989.70),
(268, 149, 11, 20, 273.25),
(269, 155, 31, 16, 779.76),
(270, 168, 50, 43, 564.79),
(271, 127, 24, 12, 84.45),
(272, 194, 44, 26, 892.81),
(273, 100, 41, 42, 311.47),
(274, 141, 24, 48, 860.66),
(275, 125, 4, 22, 765.86),
(276, 174, 7, 47, 874.76),
(277, 191, 47, 48, 907.87),
(278, 150, 13, 10, 653.40),
(279, 139, 25, 3, 346.63),
(280, 152, 34, 43, 131.62),
(281, 166, 18, 5, 165.79),
(282, 100, 39, 41, 952.06),
(283, 108, 23, 26, 207.31),
(284, 166, 33, 25, 957.32),
(285, 187, 9, 26, 272.40),
(286, 141, 39, 15, 648.90),
(287, 158, 23, 26, 662.16),
(288, 165, 25, 28, 893.65),
(289, 127, 30, 31, 251.79),
(290, 126, 13, 48, 290.55),
(291, 179, 15, 27, 901.02),
(292, 135, 19, 15, 475.47),
(293, 112, 15, 36, 407.73),
(294, 139, 5, 43, 358.50),
(295, 158, 47, 34, 144.45),
(296, 138, 23, 45, 827.99),
(297, 160, 18, 19, 801.12),
(298, 179, 17, 13, 466.93),
(299, 191, 31, 40, 520.22),
(300, 164, 11, 48, 204.01),
(301, 168, 8, 5, 706.31),
(302, 174, 33, 2, 678.03),
(303, 154, 23, 40, 24.16),
(304, 186, 33, 49, 243.71),
(305, 147, 20, 41, 62.37),
(306, 186, 46, 23, 87.54),
(307, 164, 30, 29, 448.47),
(308, 157, 1, 40, 349.12),
(309, 155, 1, 7, 97.99),
(310, 169, 28, 2, 321.63),
(311, 106, 37, 10, 543.82),
(312, 163, 22, 2, 254.06),
(313, 171, 26, 41, 196.56),
(314, 182, 3, 13, 586.97),
(315, 113, 21, 8, 11.06),
(316, 180, 37, 30, 318.29),
(317, 108, 5, 25, 568.58),
(318, 171, 9, 14, 630.36),
(319, 160, 48, 18, 133.82),
(320, 180, 19, 48, 440.48),
(321, 156, 40, 7, 538.16),
(322, 130, 2, 15, 634.46),
(323, 172, 35, 26, 414.69),
(324, 191, 18, 24, 674.19),
(325, 103, 23, 37, 470.08),
(326, 139, 1, 3, 815.68),
(327, 126, 43, 16, 552.29),
(328, 193, 42, 8, 852.48),
(329, 126, 1, 49, 29.49),
(330, 102, 8, 27, 297.70),
(331, 175, 50, 29, 251.96),
(332, 138, 10, 8, 423.52),
(333, 160, 8, 33, 192.69),
(334, 122, 22, 4, 873.57),
(335, 102, 13, 19, 982.85),
(336, 188, 35, 40, 986.81),
(337, 177, 26, 33, 570.43),
(338, 169, 21, 37, 772.04),
(339, 151, 30, 21, 864.47),
(340, 122, 22, 3, 575.16),
(341, 143, 45, 36, 489.80),
(342, 141, 25, 9, 435.87),
(343, 197, 14, 29, 145.43),
(344, 184, 15, 49, 285.78),
(345, 133, 30, 23, 502.82),
(346, 194, 14, 12, 648.51),
(347, 132, 44, 48, 112.28),
(348, 186, 24, 23, 574.08),
(349, 122, 47, 22, 192.48),
(350, 155, 29, 26, 429.02),
(351, 187, 45, 9, 988.17),
(352, 106, 27, 4, 198.91),
(353, 147, 10, 40, 838.13),
(354, 166, 15, 31, 210.10),
(355, 150, 46, 24, 442.50),
(356, 120, 26, 34, 74.45),
(357, 197, 33, 11, 986.28),
(358, 147, 4, 5, 257.00),
(359, 159, 38, 21, 28.39),
(360, 173, 21, 26, 587.91),
(361, 183, 15, 35, 510.52),
(362, 156, 29, 36, 953.11),
(363, 162, 21, 46, 591.55),
(364, 137, 44, 46, 262.12),
(365, 115, 14, 50, 320.85),
(366, 192, 45, 6, 686.86),
(367, 120, 24, 39, 225.02),
(368, 170, 36, 19, 725.15),
(369, 188, 15, 18, 287.79),
(370, 155, 22, 16, 361.23),
(371, 153, 29, 14, 506.59),
(372, 108, 10, 5, 462.32),
(373, 129, 14, 1, 877.87),
(374, 193, 24, 35, 646.26),
(375, 162, 7, 46, 692.63),
(376, 193, 41, 35, 939.04),
(377, 170, 1, 35, 724.81),
(378, 179, 50, 32, 118.41),
(379, 183, 40, 49, 463.12),
(380, 118, 17, 33, 906.89),
(381, 150, 10, 1, 159.70),
(382, 169, 15, 7, 217.11),
(383, 128, 41, 18, 759.32),
(384, 149, 27, 44, 783.37),
(385, 178, 5, 33, 933.87),
(386, 174, 49, 7, 744.80),
(387, 163, 50, 22, 945.99),
(388, 144, 7, 27, 319.25),
(389, 110, 50, 36, 190.67),
(390, 128, 44, 30, 689.19),
(391, 119, 31, 33, 525.42),
(392, 147, 25, 36, 793.49),
(393, 118, 8, 49, 393.04),
(394, 134, 39, 45, 631.58),
(395, 182, 33, 24, 499.53),
(396, 124, 16, 10, 113.09),
(397, 186, 18, 39, 968.98),
(398, 135, 6, 42, 350.34),
(399, 122, 34, 3, 944.13),
(400, 124, 41, 35, 899.96),
(401, 192, 48, 44, 385.70),
(402, 126, 5, 50, 496.92),
(403, 112, 44, 9, 832.58),
(404, 159, 49, 26, 519.63),
(405, 110, 7, 35, 320.38),
(406, 178, 22, 22, 255.04),
(407, 109, 49, 39, 915.27),
(408, 146, 45, 21, 480.53),
(409, 193, 37, 35, 484.13),
(410, 144, 25, 7, 994.36),
(411, 151, 21, 21, 503.97),
(412, 106, 38, 28, 83.61),
(413, 186, 15, 13, 34.43),
(414, 101, 24, 21, 926.52),
(415, 187, 46, 15, 233.08),
(416, 119, 41, 1, 5.83),
(417, 142, 26, 22, 840.58),
(418, 134, 42, 46, 1.78),
(419, 130, 34, 34, 808.97),
(420, 187, 19, 8, 28.96),
(421, 161, 13, 30, 536.26),
(422, 133, 34, 30, 795.44),
(423, 167, 39, 40, 698.12),
(424, 170, 11, 21, 304.34),
(425, 124, 50, 35, 762.55),
(426, 121, 27, 21, 182.07),
(427, 152, 23, 6, 695.44),
(428, 153, 5, 50, 180.35),
(429, 115, 39, 14, 233.71),
(430, 156, 40, 42, 582.00),
(431, 102, 42, 11, 768.29),
(432, 125, 35, 39, 20.94),
(433, 174, 2, 29, 340.29),
(434, 165, 23, 23, 520.12),
(435, 121, 10, 46, 151.32),
(436, 164, 41, 35, 386.09),
(437, 198, 24, 27, 830.34),
(438, 186, 19, 26, 998.91),
(439, 170, 45, 25, 911.68),
(440, 105, 23, 1, 863.44),
(441, 119, 12, 19, 183.43),
(442, 101, 36, 12, 843.66),
(443, 128, 25, 34, 213.66),
(444, 128, 46, 1, 920.92),
(445, 112, 8, 15, 872.66),
(446, 134, 11, 27, 384.93),
(447, 107, 22, 14, 246.05),
(448, 107, 14, 48, 243.01),
(449, 177, 47, 38, 951.39),
(450, 143, 36, 20, 403.67),
(451, 184, 8, 45, 733.86),
(452, 177, 48, 39, 815.36),
(453, 169, 40, 29, 59.56),
(454, 157, 49, 37, 339.14),
(455, 129, 35, 19, 758.03),
(456, 104, 9, 25, 212.73),
(457, 184, 27, 17, 266.45),
(458, 139, 46, 48, 419.58),
(459, 195, 38, 13, 200.94),
(460, 192, 18, 38, 35.19),
(461, 138, 43, 16, 992.02),
(462, 189, 22, 17, 205.21),
(463, 143, 18, 34, 373.82),
(464, 144, 10, 18, 911.60),
(465, 168, 40, 39, 1.82),
(466, 197, 27, 44, 900.21),
(467, 112, 35, 28, 365.29),
(468, 177, 48, 43, 401.12),
(469, 132, 6, 46, 352.46),
(470, 139, 28, 46, 320.27),
(471, 127, 38, 26, 460.02),
(472, 104, 43, 19, 693.67),
(473, 123, 5, 26, 824.75),
(474, 128, 38, 15, 26.98),
(475, 168, 21, 11, 938.64),
(476, 198, 32, 42, 76.34),
(477, 176, 9, 18, 353.11),
(478, 150, 46, 11, 509.18),
(479, 148, 16, 28, 777.61),
(480, 169, 29, 21, 699.02),
(481, 167, 34, 16, 734.02),
(482, 162, 11, 37, 919.93),
(483, 119, 5, 31, 689.84),
(484, 129, 11, 48, 318.68),
(485, 162, 2, 14, 581.93),
(486, 185, 2, 24, 312.41),
(487, 114, 30, 38, 943.90),
(488, 136, 23, 37, 298.56),
(489, 153, 2, 9, 3.64),
(490, 187, 47, 2, 523.63),
(491, 192, 18, 16, 568.57),
(492, 123, 32, 14, 872.86),
(493, 178, 12, 5, 509.40),
(494, 124, 40, 5, 945.85),
(495, 155, 35, 4, 977.95),
(496, 132, 23, 33, 562.09),
(497, 180, 5, 4, 70.82),
(498, 173, 35, 4, 34.48),
(499, 174, 5, 28, 432.06),
(500, 165, 10, 14, 919.90),
(501, 160, 43, 20, 733.66),
(502, 168, 46, 46, 674.12),
(503, 183, 26, 10, 851.73),
(504, 114, 19, 9, 564.97),
(505, 139, 44, 35, 14.77),
(506, 105, 48, 6, 484.92),
(507, 119, 14, 48, 533.81),
(508, 133, 4, 16, 560.44),
(509, 143, 32, 20, 174.95),
(510, 161, 9, 43, 321.97),
(511, 144, 25, 3, 226.88),
(512, 137, 31, 39, 923.93),
(513, 187, 47, 46, 802.00),
(514, 133, 4, 4, 847.11),
(515, 117, 13, 2, 688.05),
(516, 104, 39, 41, 524.48),
(517, 152, 12, 3, 169.81),
(518, 161, 30, 18, 808.04),
(519, 120, 41, 32, 915.51),
(520, 106, 44, 18, 830.87),
(521, 179, 18, 28, 60.14),
(522, 181, 3, 41, 998.12),
(523, 177, 27, 1, 499.69),
(524, 158, 5, 1, 970.27),
(525, 200, 25, 43, 382.70),
(526, 130, 21, 7, 382.71),
(527, 178, 30, 47, 289.83),
(528, 116, 15, 49, 656.35),
(529, 191, 27, 26, 699.07),
(530, 145, 35, 32, 303.01),
(531, 152, 50, 10, 582.15),
(532, 150, 11, 49, 305.67),
(533, 126, 36, 44, 227.44),
(534, 125, 40, 26, 255.15),
(535, 177, 26, 9, 346.93),
(536, 146, 46, 10, 694.57),
(537, 150, 17, 10, 265.14),
(538, 165, 21, 7, 930.91),
(539, 112, 45, 30, 836.18),
(540, 180, 14, 40, 363.73),
(541, 123, 31, 25, 851.24),
(542, 150, 36, 40, 60.42),
(543, 165, 25, 50, 26.07),
(544, 162, 22, 11, 761.37),
(545, 143, 29, 35, 960.77),
(546, 175, 46, 18, 94.57),
(547, 145, 2, 12, 27.46),
(548, 119, 24, 44, 596.53),
(549, 141, 29, 5, 282.65),
(550, 162, 50, 32, 373.37),
(551, 130, 33, 6, 871.16),
(552, 195, 46, 16, 877.06),
(553, 168, 35, 33, 13.78),
(554, 140, 40, 47, 104.57),
(555, 184, 40, 43, 175.76),
(556, 104, 25, 34, 872.80),
(557, 106, 34, 14, 46.93),
(558, 191, 42, 14, 751.67),
(559, 141, 22, 42, 334.31),
(560, 156, 45, 3, 530.27),
(561, 191, 19, 29, 873.47),
(562, 121, 43, 19, 40.93),
(563, 107, 39, 49, 726.61),
(564, 141, 9, 19, 117.49),
(565, 122, 30, 21, 609.36),
(566, 179, 3, 39, 906.31),
(567, 157, 34, 7, 55.10),
(568, 135, 9, 42, 571.68),
(569, 190, 28, 14, 93.93),
(570, 104, 47, 30, 663.73),
(571, 167, 38, 14, 279.97),
(572, 184, 4, 5, 293.75),
(573, 185, 49, 30, 661.38),
(574, 143, 14, 11, 10.87),
(575, 115, 41, 35, 904.69),
(576, 167, 31, 38, 187.54),
(577, 113, 35, 48, 517.81),
(578, 134, 26, 36, 176.35),
(579, 189, 34, 20, 879.39),
(580, 139, 40, 14, 598.24),
(581, 127, 19, 30, 983.05),
(582, 123, 29, 11, 499.31),
(583, 126, 11, 32, 171.96),
(584, 140, 28, 7, 439.13),
(585, 106, 1, 4, 190.00),
(586, 140, 2, 2, 372.55),
(587, 171, 17, 42, 114.31),
(588, 157, 45, 42, 494.90),
(589, 169, 20, 43, 112.20),
(590, 110, 23, 26, 135.37),
(591, 184, 33, 14, 664.54),
(592, 140, 25, 44, 527.62),
(593, 195, 2, 47, 435.57),
(594, 155, 15, 22, 654.14),
(595, 187, 25, 31, 886.57),
(596, 189, 34, 39, 333.17),
(597, 107, 13, 48, 10.54),
(598, 111, 38, 9, 470.36),
(599, 153, 8, 42, 995.70),
(600, 124, 49, 10, 950.14),
(601, 178, 48, 18, 921.49),
(602, 157, 9, 33, 66.58),
(603, 127, 37, 16, 150.09),
(604, 115, 25, 25, 371.84),
(605, 162, 34, 27, 999.20),
(606, 117, 37, 2, 484.71),
(607, 127, 28, 2, 138.52),
(608, 125, 8, 30, 636.01),
(609, 106, 21, 29, 565.36),
(610, 193, 28, 12, 936.55),
(611, 192, 18, 6, 994.10),
(612, 110, 42, 17, 70.91),
(613, 150, 22, 1, 663.85),
(614, 158, 8, 16, 823.89),
(615, 197, 15, 6, 3.01),
(616, 173, 7, 2, 164.21),
(617, 196, 37, 41, 643.11),
(618, 122, 37, 17, 966.22),
(619, 130, 42, 11, 871.01),
(620, 161, 4, 24, 114.83),
(621, 196, 24, 3, 753.81),
(622, 174, 44, 2, 695.19),
(623, 193, 11, 49, 70.16),
(624, 192, 39, 32, 959.85),
(625, 137, 33, 23, 320.16),
(626, 134, 41, 49, 82.96),
(627, 138, 49, 19, 394.08),
(628, 125, 19, 7, 108.93),
(629, 115, 11, 17, 563.31),
(630, 174, 48, 20, 381.25),
(631, 165, 8, 21, 985.86),
(632, 148, 41, 21, 912.85),
(633, 146, 19, 50, 564.28),
(634, 120, 10, 42, 222.42),
(635, 131, 38, 25, 119.78),
(636, 182, 41, 44, 550.16),
(637, 129, 6, 36, 806.16),
(638, 118, 1, 35, 243.95),
(639, 159, 3, 10, 256.09),
(640, 164, 3, 33, 391.08),
(641, 199, 19, 12, 362.40),
(642, 173, 44, 25, 988.28),
(643, 147, 49, 32, 198.62),
(644, 117, 49, 44, 286.39),
(645, 104, 32, 6, 185.17),
(646, 108, 14, 37, 799.17),
(647, 190, 17, 49, 390.15),
(648, 181, 3, 15, 220.85),
(649, 162, 5, 39, 705.73),
(650, 169, 26, 23, 162.28),
(651, 117, 31, 42, 322.29),
(652, 171, 4, 49, 773.65),
(653, 145, 43, 15, 593.39),
(654, 177, 6, 50, 126.03),
(655, 101, 9, 10, 737.22),
(656, 184, 6, 31, 468.65),
(657, 113, 13, 46, 581.31),
(658, 161, 1, 4, 71.00),
(659, 189, 17, 20, 716.62),
(660, 160, 19, 45, 283.42),
(661, 119, 3, 13, 715.95),
(662, 185, 13, 50, 831.80),
(663, 149, 50, 32, 170.47),
(664, 123, 25, 5, 681.97),
(665, 179, 15, 37, 413.77),
(666, 166, 41, 23, 88.06),
(667, 162, 13, 9, 240.95),
(668, 138, 34, 29, 788.84),
(669, 140, 6, 45, 264.59),
(670, 167, 49, 12, 694.37),
(671, 152, 50, 34, 244.13),
(672, 160, 31, 5, 305.53),
(673, 105, 13, 48, 973.06),
(674, 105, 11, 40, 313.31),
(675, 178, 12, 39, 670.80),
(676, 106, 32, 15, 968.05),
(677, 143, 41, 22, 626.91),
(678, 168, 9, 14, 40.52),
(679, 194, 39, 6, 790.73),
(680, 105, 46, 22, 47.73),
(681, 135, 12, 2, 847.67),
(682, 146, 20, 41, 850.65),
(683, 120, 13, 42, 946.42),
(684, 174, 10, 26, 557.71),
(685, 157, 33, 12, 280.12),
(686, 182, 45, 44, 373.87),
(687, 180, 40, 36, 338.11),
(688, 172, 30, 7, 966.95),
(689, 186, 21, 46, 849.25),
(690, 152, 23, 19, 586.80),
(691, 104, 10, 4, 589.28),
(692, 158, 34, 27, 619.26),
(693, 103, 17, 11, 482.43),
(694, 160, 22, 16, 3.44),
(695, 104, 29, 11, 22.88),
(696, 117, 6, 26, 908.86),
(697, 141, 23, 20, 949.32),
(698, 152, 38, 49, 598.79),
(699, 164, 15, 13, 908.19),
(700, 167, 39, 16, 663.46),
(701, 106, 30, 3, 555.05),
(702, 180, 19, 10, 965.66),
(703, 200, 14, 8, 900.31),
(704, 105, 33, 19, 913.35),
(705, 133, 45, 30, 638.00),
(706, 111, 16, 15, 402.99),
(707, 109, 16, 33, 922.27),
(708, 193, 28, 33, 868.01),
(709, 104, 45, 26, 992.07),
(710, 147, 41, 26, 830.92),
(711, 149, 21, 36, 315.32),
(712, 124, 33, 15, 288.97),
(713, 134, 42, 11, 60.40),
(714, 108, 39, 24, 935.98),
(715, 186, 20, 22, 486.94),
(716, 108, 7, 4, 810.65),
(717, 161, 29, 25, 154.37),
(718, 160, 50, 46, 223.07),
(719, 196, 14, 5, 219.37),
(720, 163, 33, 13, 208.66),
(721, 145, 30, 13, 428.03),
(722, 139, 43, 24, 466.32),
(723, 176, 39, 33, 825.23),
(724, 143, 25, 17, 301.32),
(725, 180, 12, 39, 386.97),
(726, 179, 41, 44, 891.62),
(727, 171, 12, 27, 661.90),
(728, 104, 31, 22, 279.43),
(729, 152, 32, 32, 17.52),
(730, 129, 39, 40, 345.18),
(731, 190, 32, 40, 492.04),
(732, 103, 14, 49, 894.48),
(733, 111, 2, 49, 793.28),
(734, 182, 22, 18, 591.14),
(735, 139, 35, 14, 926.35),
(736, 194, 1, 30, 436.70),
(737, 163, 38, 40, 671.19),
(738, 141, 46, 14, 800.87),
(739, 136, 14, 1, 249.92),
(740, 167, 9, 30, 880.76),
(741, 115, 28, 24, 870.98),
(742, 122, 15, 19, 149.90),
(743, 126, 47, 18, 4.14),
(744, 108, 25, 45, 5.37),
(745, 123, 7, 4, 913.75),
(746, 120, 33, 42, 883.35),
(747, 161, 9, 16, 550.61),
(748, 117, 14, 42, 867.80),
(749, 190, 50, 37, 601.13),
(750, 170, 23, 21, 766.87),
(751, 145, 20, 2, 916.10),
(752, 169, 22, 19, 556.00),
(753, 119, 34, 45, 30.21),
(754, 182, 21, 38, 301.58),
(755, 118, 29, 13, 167.60),
(756, 141, 37, 4, 188.19),
(757, 142, 37, 13, 138.38),
(758, 194, 12, 19, 747.06),
(759, 145, 38, 44, 898.19),
(760, 175, 29, 26, 90.80),
(761, 133, 2, 20, 59.99),
(762, 155, 28, 8, 900.87),
(763, 138, 30, 8, 862.61),
(764, 153, 31, 30, 828.31),
(765, 122, 50, 22, 49.26),
(766, 133, 30, 50, 236.37),
(767, 189, 7, 19, 123.51),
(768, 109, 8, 18, 962.95),
(769, 191, 45, 37, 145.07),
(770, 187, 42, 1, 295.44),
(771, 190, 18, 21, 496.70),
(772, 124, 37, 43, 866.80),
(773, 120, 17, 28, 140.58),
(774, 179, 40, 1, 421.24),
(775, 114, 33, 37, 411.02),
(776, 159, 26, 18, 333.04),
(777, 154, 5, 42, 812.99),
(778, 166, 1, 39, 207.46),
(779, 152, 36, 5, 258.59),
(780, 123, 28, 6, 62.88),
(781, 188, 45, 28, 323.46),
(782, 116, 4, 29, 237.43),
(783, 146, 37, 47, 577.22),
(784, 173, 41, 9, 987.99),
(785, 135, 8, 1, 625.13),
(786, 146, 20, 48, 135.56),
(787, 113, 38, 5, 327.99),
(788, 200, 41, 27, 786.16),
(789, 116, 18, 27, 80.28),
(790, 145, 2, 2, 366.27),
(791, 151, 6, 49, 409.93),
(792, 167, 44, 40, 959.85),
(793, 191, 45, 39, 387.35),
(794, 122, 12, 22, 963.69),
(795, 170, 35, 43, 449.44),
(796, 193, 4, 4, 891.93),
(797, 188, 50, 32, 945.42),
(798, 109, 47, 1, 240.37),
(799, 185, 44, 38, 204.51),
(800, 138, 31, 1, 192.34),
(801, 139, 11, 41, 653.10),
(802, 140, 10, 50, 505.73),
(803, 132, 27, 50, 827.02),
(804, 169, 14, 42, 376.87),
(805, 111, 27, 17, 256.61),
(806, 124, 42, 36, 476.11),
(807, 135, 3, 1, 708.22),
(808, 185, 30, 47, 281.54),
(809, 186, 42, 6, 569.22),
(810, 161, 25, 46, 930.66),
(811, 106, 19, 36, 782.50),
(812, 187, 43, 3, 132.79),
(813, 146, 26, 40, 575.66),
(814, 164, 14, 3, 696.24),
(815, 110, 2, 2, 613.81),
(816, 197, 22, 18, 429.36),
(817, 198, 14, 7, 396.09),
(818, 145, 40, 10, 27.76),
(819, 160, 19, 44, 20.67),
(820, 138, 9, 40, 683.54),
(821, 116, 8, 18, 702.18),
(822, 137, 3, 25, 426.85),
(823, 150, 7, 31, 640.62),
(824, 157, 3, 23, 165.12),
(825, 125, 23, 26, 486.23),
(826, 133, 8, 31, 462.38),
(827, 192, 43, 28, 906.17),
(828, 167, 49, 7, 854.77),
(829, 131, 13, 36, 229.23),
(830, 194, 10, 40, 97.99),
(831, 126, 25, 5, 925.75),
(832, 113, 8, 18, 172.76),
(833, 188, 38, 43, 91.41),
(834, 193, 20, 27, 972.85),
(835, 106, 42, 2, 755.92),
(836, 187, 26, 31, 401.34),
(837, 110, 30, 17, 525.17),
(838, 187, 50, 14, 940.99),
(839, 152, 18, 36, 454.32),
(840, 114, 5, 45, 166.74),
(841, 178, 44, 50, 19.16),
(842, 115, 43, 7, 187.61),
(843, 108, 34, 12, 216.83),
(844, 147, 31, 42, 998.22),
(845, 165, 34, 48, 825.76),
(846, 181, 28, 41, 531.37),
(847, 139, 39, 7, 827.46),
(848, 173, 49, 18, 989.29),
(849, 192, 27, 35, 208.45),
(850, 139, 42, 5, 294.97),
(851, 149, 31, 10, 511.51),
(852, 173, 6, 50, 328.22),
(853, 179, 42, 5, 336.36),
(854, 121, 30, 45, 400.68),
(855, 122, 36, 48, 447.88),
(856, 117, 21, 15, 521.68),
(857, 168, 50, 40, 16.33),
(858, 119, 1, 39, 532.11),
(859, 108, 31, 38, 437.61),
(860, 112, 14, 28, 383.01),
(861, 157, 19, 8, 630.23),
(862, 189, 21, 46, 772.30),
(863, 197, 5, 2, 26.13),
(864, 191, 48, 31, 370.28),
(865, 145, 24, 31, 865.16),
(866, 155, 31, 50, 89.10),
(867, 133, 15, 33, 571.75),
(868, 107, 18, 25, 765.34),
(869, 188, 50, 29, 127.45),
(870, 164, 23, 43, 489.01),
(871, 198, 35, 47, 457.62),
(872, 115, 2, 14, 634.25),
(873, 128, 47, 28, 699.54),
(874, 121, 36, 16, 372.44),
(875, 107, 21, 35, 392.57),
(876, 150, 9, 2, 796.24),
(877, 180, 50, 32, 400.87),
(878, 176, 32, 37, 774.42),
(879, 108, 4, 21, 93.93),
(880, 156, 8, 21, 374.10),
(881, 127, 14, 15, 653.87),
(882, 118, 14, 3, 661.94),
(883, 106, 33, 20, 126.56),
(884, 157, 32, 28, 1.90),
(885, 192, 37, 47, 489.56),
(886, 148, 21, 10, 299.52),
(887, 187, 45, 23, 169.13),
(888, 109, 1, 4, 574.49),
(889, 168, 28, 23, 170.23),
(890, 180, 19, 48, 5.69),
(891, 119, 19, 40, 477.96),
(892, 105, 14, 37, 153.25),
(893, 158, 33, 41, 575.44),
(894, 148, 12, 31, 286.34),
(895, 141, 28, 17, 823.98),
(896, 180, 22, 43, 280.30),
(897, 115, 44, 19, 565.35),
(898, 180, 2, 2, 982.59),
(899, 191, 25, 50, 532.92),
(900, 167, 35, 23, 967.22),
(901, 200, 49, 19, 314.60),
(902, 141, 29, 38, 208.19),
(903, 193, 32, 17, 736.54),
(904, 118, 18, 49, 913.61),
(905, 131, 28, 14, 685.46),
(906, 185, 33, 29, 494.76),
(907, 130, 18, 3, 771.54),
(908, 186, 50, 30, 377.10),
(909, 173, 12, 17, 312.61),
(910, 163, 50, 4, 380.19),
(911, 114, 41, 17, 887.37),
(912, 176, 38, 19, 154.63),
(913, 173, 50, 16, 824.96),
(914, 149, 43, 49, 281.52),
(915, 156, 50, 39, 629.62),
(916, 174, 15, 18, 850.74),
(917, 184, 30, 44, 304.24),
(918, 134, 15, 30, 925.27),
(919, 137, 33, 2, 347.68),
(920, 138, 23, 44, 688.47),
(921, 119, 18, 40, 923.25),
(922, 194, 41, 13, 654.84),
(923, 147, 22, 34, 30.59),
(924, 143, 45, 8, 920.43),
(925, 128, 17, 32, 53.23),
(926, 162, 11, 46, 10.45),
(927, 108, 46, 27, 269.18),
(928, 109, 20, 13, 188.46),
(929, 173, 35, 48, 970.86),
(930, 125, 20, 35, 242.84),
(931, 189, 26, 30, 827.07),
(932, 137, 6, 10, 617.69),
(933, 138, 35, 26, 105.16),
(934, 147, 25, 18, 373.29),
(935, 200, 47, 17, 783.10),
(936, 187, 35, 31, 606.19),
(937, 113, 8, 26, 278.39),
(938, 132, 10, 18, 173.94),
(939, 154, 34, 3, 402.21),
(940, 189, 15, 19, 453.71),
(941, 112, 20, 47, 794.46),
(942, 169, 44, 33, 243.91),
(943, 167, 36, 47, 918.54),
(944, 154, 31, 40, 958.64),
(945, 153, 21, 18, 76.64),
(946, 149, 46, 9, 565.39),
(947, 184, 49, 25, 27.41),
(948, 193, 3, 48, 314.76),
(949, 123, 28, 50, 410.22),
(950, 126, 50, 12, 902.03),
(951, 176, 10, 18, 495.21),
(952, 121, 17, 3, 641.08),
(953, 143, 14, 2, 998.18),
(954, 128, 43, 9, 972.14),
(955, 124, 24, 11, 570.26),
(956, 137, 31, 46, 890.63),
(957, 182, 23, 36, 893.70),
(958, 159, 42, 40, 972.98),
(959, 171, 35, 31, 490.54),
(960, 169, 43, 19, 724.50),
(961, 195, 32, 11, 646.96),
(962, 100, 16, 4, 440.26),
(963, 131, 43, 47, 678.49),
(964, 195, 41, 19, 282.96),
(965, 189, 38, 15, 447.96),
(966, 151, 48, 48, 487.41),
(967, 132, 49, 43, 176.22),
(968, 127, 1, 50, 919.96),
(969, 102, 46, 10, 74.63),
(970, 152, 12, 27, 672.55),
(971, 100, 35, 12, 883.29),
(972, 164, 44, 26, 286.28),
(973, 167, 7, 27, 557.20),
(974, 164, 7, 11, 747.26),
(975, 163, 12, 13, 300.42),
(976, 171, 45, 14, 212.47),
(977, 189, 47, 3, 136.54),
(978, 129, 21, 50, 691.92),
(979, 185, 14, 12, 949.27),
(980, 161, 13, 29, 934.88),
(981, 160, 31, 21, 307.38),
(982, 195, 35, 26, 359.31),
(983, 152, 11, 7, 612.61),
(984, 118, 35, 32, 113.58),
(985, 110, 4, 16, 475.19),
(986, 129, 8, 34, 731.07),
(987, 171, 28, 45, 173.77),
(988, 158, 3, 30, 572.13),
(989, 121, 36, 33, 218.08),
(990, 171, 47, 39, 343.56),
(991, 105, 4, 24, 554.70),
(992, 120, 39, 21, 206.77),
(993, 154, 47, 21, 484.26),
(994, 146, 11, 28, 737.40),
(995, 133, 22, 8, 587.72),
(996, 136, 17, 39, 656.59),
(997, 112, 47, 46, 153.37),
(998, 123, 18, 32, 129.96),
(999, 183, 29, 23, 600.57),
(1000, 117, 48, 18, 393.83);

-- --------------------------------------------------------

--
-- Estructura de tabla para la tabla `empleado`
--

CREATE TABLE `empleado` (
  `codempleado` int(11) NOT NULL,
  `nombreempleado` varchar(255) NOT NULL,
  `puesto` varchar(100) DEFAULT NULL,
  `rol` varchar(20) DEFAULT NULL,
  `contrasenia` varchar(255) NOT NULL
) ENGINE=InnoDB DEFAULT CHARSET=utf8mb4 COLLATE=utf8mb4_general_ci;

--
-- Volcado de datos para la tabla `empleado`
--

INSERT INTO `empleado` (`codempleado`, `nombreempleado`, `puesto`, `rol`, `contrasenia`) VALUES
(1, 'Guss Brook', 'Senior Sales Associate', 'Usuario', '5337'),
(2, 'Mireielle Robers', 'Marketing Assistant', 'Administrador', '8682'),
(3, 'Joell Malby', 'Data Coordinator', 'Usuario', '4864'),
(4, 'Celestine Stockin', 'Professor', 'Usuario', '2840'),
(5, 'Sibyl Bonick', 'Software Test Engineer II', 'Usuario', '2417'),
(6, 'Boycey Saiger', 'Structural Analysis Engineer', 'Administrador', '4586'),
(7, 'Felita Arrundale', 'Assistant Manager', 'Usuario', '8424'),
(8, 'Oliy Dobney', 'Director of Sales', 'Administrador', '6021'),
(9, 'Clementius Ivanov', 'Automation Specialist IV', 'Administrador', '7150'),
(10, 'Sisile Bond', 'Safety Technician III', 'Administrador', '5721'),
(11, 'Patsy Antunez', 'Payment Adjustment Coordinator', 'Administrador', '2649'),
(12, 'Roderich Villaron', 'Automation Specialist I', 'Administrador', '4878'),
(13, 'Meridel Doig', 'Cost Accountant', 'Usuario', '4885'),
(14, 'Eduino Hudel', 'Developer IV', 'Usuario', '8989'),
(15, 'Skipper Coverlyn', 'Health Coach IV', 'Administrador', '1969'),
(16, 'Lura Yezafovich', 'Nurse', 'Administrador', '5502'),
(17, 'Harmon Lamberts', 'Budget/Accounting Analyst II', 'Usuario', '2655'),
(18, 'Prince Hospital', 'Accounting Assistant IV', 'Administrador', '1081'),
(19, 'Edan Beamson', 'Health Coach II', 'Usuario', '2266'),
(20, 'Orlan Sanbroke', 'Community Outreach Specialist', 'Administrador', '5938'),
(21, 'Reidar Pietasch', 'Programmer I', 'Administrador', '9159'),
(22, 'Melicent Baum', 'Information Systems Manager', 'Administrador', '8773'),
(23, 'Tonie Paramore', 'Business Systems Development Analyst', 'Usuario', '9259'),
(24, 'Oran Kleewein', 'Environmental Tech', 'Usuario', '8972'),
(25, 'Giacinta Booi', 'Financial Analyst', 'Administrador', '8364'),
(26, 'Maxy Warbey', 'Web Designer IV', 'Administrador', '2465'),
(27, 'Julie Heinel', 'Desktop Support Technician', 'Usuario', '6217'),
(28, 'Madison Umney', 'Desktop Support Technician', 'Administrador', '6541'),
(29, 'Jacquelin Langsbury', 'Senior Financial Analyst', 'Usuario', '7055'),
(30, 'Reggie McDirmid', 'Accounting Assistant I', 'Usuario', '3279'),
(31, 'Zared Loftin', 'Research Associate', 'Usuario', '5900'),
(32, 'Franciskus De Biasi', 'Chief Design Engineer', 'Usuario', '8814'),
(33, 'Culver Allmann', 'Web Developer II', 'Administrador', '2261'),
(34, 'Jamie Radolf', 'Help Desk Operator', 'Usuario', '2536'),
(35, 'Prinz Crafter', 'Administrative Assistant II', 'Usuario', '5537'),
(36, 'Findlay Beggini', 'Programmer II', 'Administrador', '3956'),
(37, 'Bambie Revens', 'Office Assistant III', 'Usuario', '3805'),
(38, 'Meggy Shemming', 'Pharmacist', 'Usuario', '4355'),
(39, 'Alexina Fowlie', 'Media Manager IV', 'Administrador', '1627'),
(40, 'Phillipe Gay', 'Editor', 'Administrador', '1390'),
(41, 'Amby Fallis', 'Human Resources Assistant IV', 'Usuario', '4295'),
(42, 'Eb Henden', 'Developer II', 'Administrador', '3687'),
(43, 'Toddie Hastie', 'Project Manager', 'Usuario', '2966'),
(44, 'Carolyn Clutheram', 'Quality Control Specialist', 'Administrador', '6499'),
(45, 'Doti Wetter', 'Environmental Tech', 'Administrador', '3648'),
(46, 'Aubrey Gerauld', 'Research Associate', 'Administrador', '3756'),
(47, 'Cristabel Attkins', 'Environmental Specialist', 'Administrador', '5401'),
(48, 'Chip Adderson', 'Structural Engineer', 'Administrador', '4643'),
(49, 'Dulciana Sprason', 'Pharmacist', 'Usuario', '8134'),
(50, 'Miquela Jimes', 'Web Developer II', 'Administrador', '6620');

-- --------------------------------------------------------

--
-- Estructura de tabla para la tabla `producto`
--

CREATE TABLE `producto` (
  `codproducto` int(11) NOT NULL,
  `nombreproducto` varchar(255) NOT NULL,
  `descripcionproducto` text DEFAULT NULL,
  `precio` decimal(10,2) NOT NULL,
  `stock` int(11) NOT NULL,
  `codproveedor` int(11) DEFAULT NULL
) ENGINE=InnoDB DEFAULT CHARSET=utf8mb4 COLLATE=utf8mb4_general_ci;

--
-- Volcado de datos para la tabla `producto`
--

INSERT INTO `producto` (`codproducto`, `nombreproducto`, `descripcionproducto`, `precio`, `stock`, `codproveedor`) VALUES
(1, 'Plexiglass', 'Welder', 354.60, 9, 21),
(2, 'Stone', 'Refridgeration', 676.70, 36, 50),
(3, 'Granite', 'Carpenter', 739.51, 29, 38),
(4, 'Granite', 'Refridgeration', 109.14, 55, 10),
(5, 'Plastic', 'Refridgeration', 513.16, 90, 24),
(6, 'Steel', 'Pipefitter', 405.14, 36, 27),
(7, 'Glass', 'Plasterers', 799.81, 95, 18),
(8, 'Plexiglass', 'Landscaper', 956.46, 85, 35),
(9, 'Wood', 'Carpenter', 694.68, 92, 42),
(10, 'Glass', 'Boilermaker', 385.65, 78, 9),
(11, 'Granite', 'Boilermaker', 212.52, 20, 39),
(12, 'Glass', 'Tile Setter', 411.36, 26, 43),
(13, 'Granite', 'Stucco Mason', 259.11, 6, 29),
(14, 'Wood', 'Plumber', 608.15, 20, 44),
(15, 'Aluminum', 'Painter', 734.71, 76, 43),
(16, 'Plexiglass', 'Cement Mason', 639.78, 22, 21),
(17, 'Plastic', 'Millwright', 699.32, 12, 39),
(18, 'Rubber', 'Equipment Operator', 587.61, 7, 23),
(19, 'Plexiglass', 'Millwright', 610.14, 58, 7),
(20, 'Steel', 'Laborer', 267.12, 94, 18),
(21, 'Wood', 'Waterproofer', 506.07, 9, 37),
(22, 'Plastic', 'Safety Officer', 432.27, 46, 4),
(23, 'Wood', 'Pipelayer', 811.25, 7, 24),
(24, 'Aluminum', 'Safety Officer', 883.90, 52, 17),
(25, 'Plexiglass', 'Millwright', 235.23, 14, 34),
(26, 'Wood', 'Carpenter', 767.76, 68, 3),
(27, 'Brass', 'Electrician', 884.73, 9, 5),
(28, 'Brass', 'Landscaper', 299.48, 40, 48),
(29, 'Glass', 'Linemen', 554.44, 5, 14),
(30, 'Glass', 'Waterproofer', 899.53, 18, 50),
(31, 'Steel', 'Linemen', 321.91, 78, 47),
(32, 'Aluminum', 'Millwright', 171.56, 6, 32),
(33, 'Plastic', 'Refridgeration', 438.84, 57, 7),
(34, 'Wood', 'Plumber', 760.79, 92, 40),
(35, 'Steel', 'Plumber', 811.27, 94, 42),
(36, 'Rubber', 'Welder', 900.70, 67, 44),
(37, 'Plexiglass', 'Sheet Metal Worker', 907.60, 100, 39),
(38, 'Vinyl', 'Waterproofer', 698.29, 91, 29),
(39, 'Granite', 'Carpenter', 566.62, 71, 46),
(40, 'Plexiglass', 'Laborer', 998.25, 71, 33),
(41, 'Wood', 'Waterproofer', 893.05, 5, 47),
(42, 'Aluminum', 'Millwright', 764.37, 49, 22),
(43, 'Stone', 'Cement Mason', 466.50, 95, 39),
(44, 'Plastic', 'Tile Setter', 215.58, 18, 45),
(45, 'Granite', 'Terrazzo', 237.11, 46, 21),
(46, 'Brass', 'Sheet Metal Worker', 645.37, 27, 17),
(47, 'Granite', 'Pipefitter', 731.90, 93, 26),
(48, 'Wood', 'Equipment Operator', 982.06, 75, 46),
(49, 'Wood', 'Landscaper', 428.83, 4, 2),
(50, 'Wood', 'Carpenter', 730.05, 24, 17),
(51, 'Granite', 'Millwright', 649.27, 56, 37),
(52, 'Glass', 'Safety Officer', 560.64, 3, 1),
(53, 'Plastic', 'Safety Officer', 641.00, 35, 28),
(54, 'Steel', 'HVAC', 297.21, 84, 33),
(55, 'Glass', 'Electrician', 470.39, 59, 37),
(56, 'Plastic', 'Boilermaker', 738.98, 75, 25),
(57, 'Aluminum', 'Boilermaker', 489.07, 73, 2),
(58, 'Glass', 'Glazier', 321.09, 24, 31),
(59, 'Steel', 'Brickmason', 194.03, 23, 33),
(60, 'Glass', 'Waterproofer', 709.25, 68, 35),
(61, 'Plexiglass', 'Plasterers', 672.08, 64, 16),
(62, 'Stone', 'Waterproofer', 339.16, 61, 17),
(63, 'Vinyl', 'Concrete Finisher', 744.06, 29, 33),
(64, 'Rubber', 'Brickmason', 126.04, 89, 11),
(65, 'Stone', 'Stucco Mason', 179.76, 85, 14),
(66, 'Brass', 'Cement Mason', 353.93, 74, 32),
(67, 'Aluminum', 'Stucco Mason', 231.09, 38, 47),
(68, 'Aluminum', 'Laborer', 669.39, 99, 45),
(69, 'Aluminum', 'Millwright', 681.03, 53, 20),
(70, 'Stone', 'Cement Mason', 211.24, 69, 45),
(71, 'Stone', 'HVAC', 587.67, 78, 1),
(72, 'Brass', 'Plumber', 631.98, 61, 31),
(73, 'Granite', 'Equipment Operator', 994.21, 78, 45),
(74, 'Plexiglass', 'Ironworker', 450.45, 48, 38),
(75, 'Granite', 'Welder', 698.69, 52, 41),
(76, 'Wood', 'Painter', 490.42, 97, 10),
(77, 'Brass', 'Welder', 924.68, 47, 14),
(78, 'Plastic', 'Waterproofer', 767.82, 89, 42),
(79, 'Brass', 'Electrician', 855.71, 52, 48),
(80, 'Glass', 'Terrazzo', 390.68, 36, 19),
(81, 'Plastic', 'HVAC', 921.02, 30, 43),
(82, 'Granite', 'Pipefitter', 120.47, 79, 31),
(83, 'Aluminum', 'Refridgeration', 959.00, 6, 21),
(84, 'Vinyl', 'Plumber', 808.91, 69, 22),
(85, 'Aluminum', 'Pipelayer', 771.17, 96, 3),
(86, 'Brass', 'Refridgeration', 136.74, 91, 48),
(87, 'Plastic', 'Equipment Operator', 696.58, 4, 42),
(88, 'Granite', 'Glazier', 253.09, 27, 19),
(89, 'Plexiglass', 'Carpenter', 238.99, 2, 22),
(90, 'Steel', 'HVAC', 404.24, 44, 32),
(91, 'Stone', 'Millwright', 504.84, 19, 40),
(92, 'Rubber', 'Boilermaker', 758.51, 21, 11),
(93, 'Glass', 'Refridgeration', 299.57, 80, 22),
(94, 'Stone', 'Tile Setter', 555.72, 96, 27),
(95, 'Plastic', 'Tile Setter', 710.65, 97, 44),
(96, 'Vinyl', 'Landscaper', 956.69, 25, 15),
(97, 'Aluminum', 'Pipelayer', 265.41, 74, 48),
(98, 'Granite', 'Carpenter', 842.16, 39, 50),
(99, 'Vinyl', 'Electrician', 118.23, 42, 35),
(100, 'Steel', 'Pipelayer', 834.55, 15, 38);

-- --------------------------------------------------------

--
-- Estructura de tabla para la tabla `proveedor`
--

CREATE TABLE `proveedor` (
  `codproveedor` int(11) NOT NULL,
  `nombreproveedor` varchar(255) NOT NULL,
  `telefono` varchar(20) DEFAULT NULL,
  `direccion` varchar(255) NOT NULL
) ENGINE=InnoDB DEFAULT CHARSET=utf8mb4 COLLATE=utf8mb4_general_ci;

--
-- Volcado de datos para la tabla `proveedor`
--

INSERT INTO `proveedor` (`codproveedor`, `nombreproveedor`, `telefono`, `direccion`) VALUES
(1, 'Zboncak Inc', '2802795', '45 Tomscot Crossing'),
(2, 'Franecki Group', '2735955', '123 Eagle Crest Alley'),
(3, 'Pollich-Morar', '2128705', '500 7th Street'),
(4, 'Dicki, Schmitt and Batz', '2965571', '5 Kennedy Circle'),
(5, 'Durgan, Schaefer and Hagenes', '2176500', '475 Roxbury Road'),
(6, 'Frami and Sons', '2454646', '8569 Namekagon Trail'),
(7, 'Beier, Koepp and Rippin', '2654213', '73734 Charing Cross Way'),
(8, 'Flatley-Koelpin', '2889927', '4 Haas Point'),
(9, 'Hartmann and Sons', '2132366', '1 Ridge Oak Park'),
(10, 'Tromp and Sons', '2886849', '7043 Schiller Circle'),
(11, 'Senger-Hermiston', '2940486', '980 Old Shore Terrace'),
(12, 'Hegmann Inc', '2950440', '82 Packers Court'),
(13, 'VonRueden and Sons', '2204670', '8128 Knutson Park'),
(14, 'Bradtke-Jacobs', '2655512', '3 Sunnyside Way'),
(15, 'Schumm, Waelchi and Mante', '2591519', '1 Towne Lane'),
(16, 'Emard-Deckow', '2149470', '84 Judy Circle'),
(17, 'Mraz, Kreiger and Lemke', '2490024', '9080 Dunning Alley'),
(18, 'Lang, Nienow and Hyatt', '2737788', '0681 Crest Line Pass'),
(19, 'Mosciski-Graham', '2405882', '68 Lighthouse Bay Circle'),
(20, 'Prohaska-VonRueden', '2892784', '4 Calypso Place'),
(21, 'Watsica and Sons', '2371499', '9 Spenser Center'),
(22, 'Kassulke-Davis', '2280873', '079 Golf View Plaza'),
(23, 'Farrell, Smitham and Rice', '2843141', '34464 Stoughton Lane'),
(24, 'Padberg-Schoen', '2761575', '3 Holy Cross Way'),
(25, 'Johnston, Gleason and Luettgen', '2154342', '89440 Susan Center'),
(26, 'Wisozk, Herzog and Hilll', '2464830', '9412 Lakewood Alley'),
(27, 'Rippin-Bashirian', '2238721', '0 Banding Plaza'),
(28, 'Bernhard-Muller', '2512045', '820 Atwood Avenue'),
(29, 'Roob, Jacobs and Rau', '2772087', '60 Roxbury Junction'),
(30, 'Carroll, Johns and Hackett', '2826837', '234 Golden Leaf Alley'),
(31, 'Larkin-Nikolaus', '2568415', '75 Lakewood Crossing'),
(32, 'Runolfsson, Kovacek and Murphy', '2804827', '59 Sommers Trail'),
(33, 'Blick-Schulist', '2016392', '72 Goodland Center'),
(34, 'Hartmann-Mueller', '2124659', '2 High Crossing Parkway'),
(35, 'Oberbrunner, Stokes and Jacobson', '2520155', '4742 Johnson Pass'),
(36, 'Bogan Group', '2067026', '549 Knutson Court'),
(37, 'Johns Inc', '2294461', '2079 Elgar Trail'),
(38, 'Muller-Haley', '2508174', '4767 Moulton Terrace'),
(39, 'Heathcote Inc', '2818790', '63159 Hudson Crossing'),
(40, 'Homenick-Oberbrunner', '2068233', '269 Barnett Point'),
(41, 'Cronin-Anderson', '2938550', '45625 Pepper Wood Crossing'),
(42, 'Abbott-Kozey', '2713885', '35 Homewood Place'),
(43, 'Pouros, Adams and Reilly', '2606533', '59 Westerfield Place'),
(44, 'Buckridge-King', '2634124', '70 Cardinal Drive'),
(45, 'Nicolas, Carroll and Fisher', '2978056', '96 Bluestem Way'),
(46, 'Grady Inc', '2542030', '56 Bunker Hill Drive'),
(47, 'Jacobi-Purdy', '2306740', '44773 Golf Course Trail'),
(48, 'Lind, Pollich and Heidenreich', '2595258', '254 Loftsgordon Road'),
(49, 'Welch-Vandervort', '2311177', '293 Hanover Lane'),
(50, 'Schmeler-Keebler', '2134988', '513 Duke Place');

-- --------------------------------------------------------

--
-- Estructura de tabla para la tabla `venta`
--

CREATE TABLE `venta` (
  `codventa` int(11) NOT NULL,
  `fechaventa` date NOT NULL,
  `codcliente` int(11) NOT NULL,
  `codempleado` int(11) NOT NULL
) ENGINE=InnoDB DEFAULT CHARSET=utf8mb4 COLLATE=utf8mb4_general_ci;

--
-- Volcado de datos para la tabla `venta`
--

INSERT INTO `venta` (`codventa`, `fechaventa`, `codcliente`, `codempleado`) VALUES
(1, '2024-06-04', 35, 9),
(2, '2024-01-20', 29, 23),
(3, '2024-06-05', 5, 19),
(4, '2024-08-21', 3, 11),
(5, '2024-03-22', 17, 1),
(6, '2023-12-04', 27, 34),
(7, '2024-03-16', 35, 27),
(8, '2024-02-16', 14, 33),
(9, '2024-10-09', 46, 45),
(10, '2024-05-03', 20, 33),
(11, '2024-06-17', 46, 26),
(12, '2024-10-11', 2, 14),
(13, '2024-02-05', 32, 32),
(14, '2024-03-06', 23, 36),
(15, '2024-05-13', 36, 44),
(16, '2024-07-01', 39, 32),
(17, '2024-10-21', 46, 21),
(18, '2024-09-23', 29, 20),
(19, '2023-10-26', 32, 3),
(20, '2024-08-05', 10, 2),
(21, '2024-05-18', 26, 18),
(22, '2024-09-09', 34, 9),
(23, '2024-04-26', 17, 50),
(24, '2024-02-06', 48, 44),
(25, '2024-08-10', 26, 6),
(26, '2024-04-25', 13, 46),
(27, '2024-07-25', 2, 35),
(28, '2023-12-28', 15, 39),
(29, '2024-02-13', 27, 12),
(30, '2024-10-21', 21, 39),
(31, '2024-04-11', 42, 8),
(32, '2024-01-04', 48, 50),
(33, '2023-12-07', 13, 2),
(34, '2024-08-21', 29, 22),
(35, '2023-11-22', 26, 14),
(36, '2024-05-01', 27, 43),
(37, '2024-10-10', 33, 49),
(38, '2024-02-21', 27, 24),
(39, '2024-08-11', 5, 34),
(40, '2024-06-04', 30, 35),
(41, '2023-12-21', 15, 2),
(42, '2024-03-24', 1, 29),
(43, '2024-05-23', 42, 41),
(44, '2023-11-12', 36, 50),
(45, '2024-10-19', 39, 21),
(46, '2024-09-24', 16, 34),
(47, '2024-05-22', 35, 7),
(48, '2024-10-18', 38, 50),
(49, '2024-09-09', 48, 8),
(50, '2024-02-22', 4, 45),
(51, '2024-10-11', 17, 19),
(52, '2024-03-13', 2, 42),
(53, '2024-03-04', 38, 4),
(54, '2024-02-16', 31, 15),
(55, '2024-01-22', 21, 15),
(56, '2024-01-15', 37, 13),
(57, '2024-01-31', 10, 12),
(58, '2024-06-26', 50, 24),
(59, '2023-11-17', 41, 23),
(60, '2024-09-04', 9, 33),
(61, '2024-04-06', 38, 6),
(62, '2024-08-13', 11, 20),
(63, '2024-02-03', 14, 10),
(64, '2024-02-14', 14, 28),
(65, '2024-01-08', 49, 21),
(66, '2023-10-25', 48, 30),
(67, '2024-08-22', 49, 26),
(68, '2024-04-21', 41, 7),
(69, '2023-11-21', 23, 8),
(70, '2024-08-18', 13, 23),
(71, '2024-07-12', 14, 10),
(72, '2024-01-26', 40, 4),
(73, '2024-03-11', 41, 26),
(74, '2024-02-14', 45, 15),
(75, '2024-09-19', 42, 29),
(76, '2024-10-10', 4, 18),
(77, '2023-12-16', 9, 45),
(78, '2024-07-04', 45, 14),
(79, '2023-12-18', 31, 29),
(80, '2024-10-03', 2, 43),
(81, '2024-01-29', 40, 43),
(82, '2024-03-22', 37, 21),
(83, '2024-09-04', 7, 40),
(84, '2024-05-21', 50, 37),
(85, '2023-12-22', 6, 40),
(86, '2024-05-29', 38, 46),
(87, '2024-03-04', 29, 18),
(88, '2024-02-25', 14, 23),
(89, '2024-06-10', 49, 24),
(90, '2024-06-07', 39, 6),
(91, '2024-05-19', 39, 21),
(92, '2024-07-13', 31, 5),
(93, '2024-06-23', 16, 22),
(94, '2024-02-11', 19, 10),
(95, '2024-06-08', 21, 32),
(96, '2024-09-26', 29, 20),
(97, '2024-04-12', 37, 39),
(98, '2024-01-14', 41, 23),
(99, '2024-05-27', 40, 21),
(100, '2024-05-12', 20, 39),
(101, '2023-11-15', 19, 47),
(102, '2024-05-20', 37, 2),
(103, '2024-05-11', 30, 12),
(104, '2024-06-09', 1, 23),
(105, '2024-03-30', 42, 22),
(106, '2024-09-22', 8, 46),
(107, '2023-12-19', 21, 49),
(108, '2023-12-10', 7, 7),
(109, '2024-08-23', 30, 16),
(110, '2024-08-10', 30, 32),
(111, '2024-02-25', 18, 43),
(112, '2024-10-02', 1, 28),
(113, '2023-12-27', 30, 47),
(114, '2024-04-07', 10, 30),
(115, '2024-09-30', 33, 16),
(116, '2024-06-29', 20, 45),
(117, '2024-10-23', 20, 7),
(118, '2024-08-14', 44, 2),
(119, '2024-02-21', 39, 28),
(120, '2023-11-29', 19, 48),
(121, '2024-06-07', 5, 31),
(122, '2024-01-26', 43, 36),
(123, '2024-04-28', 29, 33),
(124, '2024-01-09', 50, 32),
(125, '2023-12-12', 21, 17),
(126, '2024-03-22', 32, 31),
(127, '2024-04-23', 22, 46),
(128, '2024-01-30', 31, 35),
(129, '2023-11-04', 42, 23),
(130, '2023-11-22', 20, 46),
(131, '2024-09-29', 16, 17),
(132, '2024-06-29', 37, 39),
(133, '2024-10-11', 18, 27),
(134, '2024-01-21', 37, 48),
(135, '2024-08-30', 44, 9),
(136, '2024-01-22', 28, 48),
(137, '2023-11-20', 36, 49),
(138, '2024-10-14', 47, 23),
(139, '2024-05-28', 24, 22),
(140, '2024-04-08', 23, 16),
(141, '2024-08-04', 22, 1),
(142, '2024-03-12', 37, 4),
(143, '2024-05-20', 34, 44),
(144, '2024-02-02', 45, 28),
(145, '2023-12-31', 26, 6),
(146, '2024-07-29', 31, 14),
(147, '2024-02-16', 13, 50),
(148, '2024-04-25', 43, 33),
(149, '2024-02-08', 43, 28),
(150, '2024-07-23', 35, 12),
(151, '2024-09-01', 48, 50),
(152, '2023-12-14', 26, 49),
(153, '2024-01-02', 26, 49),
(154, '2024-06-05', 14, 36),
(155, '2024-06-18', 27, 5),
(156, '2024-07-03', 7, 15),
(157, '2024-02-14', 21, 37),
(158, '2024-01-27', 47, 49),
(159, '2024-06-07', 48, 28),
(160, '2024-06-13', 9, 6),
(161, '2024-10-01', 32, 43),
(162, '2024-08-25', 48, 44),
(163, '2024-10-14', 29, 9),
(164, '2024-06-10', 49, 14),
(165, '2024-05-12', 3, 13),
(166, '2024-02-09', 1, 1),
(167, '2023-10-31', 18, 2),
(168, '2024-10-13', 21, 23),
(169, '2024-05-16', 47, 28),
(170, '2024-03-26', 43, 10),
(171, '2024-01-18', 28, 39),
(172, '2024-03-14', 5, 45),
(173, '2024-02-03', 36, 41),
(174, '2023-10-26', 30, 31),
(175, '2024-01-06', 43, 15),
(176, '2023-12-23', 35, 45),
(177, '2024-02-15', 49, 19),
(178, '2024-04-25', 34, 43),
(179, '2024-09-12', 8, 14),
(180, '2024-08-13', 16, 28),
(181, '2024-07-01', 40, 17),
(182, '2024-08-16', 42, 23),
(183, '2024-08-27', 19, 3),
(184, '2024-07-24', 46, 21),
(185, '2024-04-20', 39, 9),
(186, '2024-09-28', 48, 22),
(187, '2024-04-15', 27, 46),
(188, '2024-02-26', 20, 49),
(189, '2023-12-09', 48, 43),
(190, '2024-04-24', 4, 43),
(191, '2023-12-26', 38, 5),
(192, '2024-05-07', 40, 33),
(193, '2023-11-13', 2, 48),
(194, '2023-12-14', 4, 28),
(195, '2023-12-01', 48, 32),
(196, '2024-03-12', 30, 46),
(197, '2024-02-26', 27, 25),
(198, '2024-03-29', 8, 42),
(199, '2024-09-14', 18, 45),
(200, '2024-03-31', 46, 15);

-- --------------------------------------------------------

--
-- Estructura Stand-in para la vista `vistaventacliente`
-- (Véase abajo para la vista actual)
--
CREATE TABLE `vistaventacliente` (
`codventa` int(11)
,`fechaventa` date
,`codcliente` int(11)
,`nombrecliente` varchar(255)
,`cinit` int(11)
,`codempleado` int(11)
,`nombreempleado` varchar(255)
);

-- --------------------------------------------------------

--
-- Estructura Stand-in para la vista `vistaventaclienteproducto`
-- (Véase abajo para la vista actual)
--
CREATE TABLE `vistaventaclienteproducto` (
`codventa` int(11)
,`fechaventa` date
,`codcliente` int(11)
,`nombrecliente` varchar(255)
,`cinit` int(11)
,`codproducto` int(11)
,`nombreproducto` varchar(255)
,`cantidad` int(11)
,`precioventa` decimal(10,2)
,`subtotal` decimal(20,2)
);

-- --------------------------------------------------------

--
-- Estructura Stand-in para la vista `v_prodmenordiez`
-- (Véase abajo para la vista actual)
--
CREATE TABLE `v_prodmenordiez` (
`codproducto` int(11)
,`nombreproducto` varchar(255)
,`descripcionproducto` text
,`precio` decimal(10,2)
,`stock` int(11)
,`codproveedor` int(11)
);

-- --------------------------------------------------------

--
-- Estructura Stand-in para la vista `v_relprodprov`
-- (Véase abajo para la vista actual)
--
CREATE TABLE `v_relprodprov` (
`codproducto` int(11)
,`nombreproducto` varchar(255)
,`descripcionproducto` text
,`precio` decimal(10,2)
,`stock` int(11)
,`codproveedor` int(11)
,`nombreproveedor` varchar(255)
);

-- --------------------------------------------------------

--
-- Estructura para la vista `vistaventacliente`
--
DROP TABLE IF EXISTS `vistaventacliente`;

CREATE ALGORITHM=UNDEFINED DEFINER=`root`@`localhost` SQL SECURITY DEFINER VIEW `vistaventacliente`  AS SELECT `venta`.`codventa` AS `codventa`, `venta`.`fechaventa` AS `fechaventa`, `cliente`.`codcliente` AS `codcliente`, `cliente`.`nombrecliente` AS `nombrecliente`, `cliente`.`cinit` AS `cinit`, `empleado`.`codempleado` AS `codempleado`, `empleado`.`nombreempleado` AS `nombreempleado` FROM ((`venta` join `cliente`) join `empleado`) WHERE `venta`.`codcliente` = `cliente`.`codcliente` AND `venta`.`codempleado` = `empleado`.`codempleado` ;

-- --------------------------------------------------------

--
-- Estructura para la vista `vistaventaclienteproducto`
--
DROP TABLE IF EXISTS `vistaventaclienteproducto`;

CREATE ALGORITHM=UNDEFINED DEFINER=`root`@`localhost` SQL SECURITY DEFINER VIEW `vistaventaclienteproducto`  AS SELECT `venta`.`codventa` AS `codventa`, `venta`.`fechaventa` AS `fechaventa`, `cliente`.`codcliente` AS `codcliente`, `cliente`.`nombrecliente` AS `nombrecliente`, `cliente`.`cinit` AS `cinit`, `detalleventa`.`codproducto` AS `codproducto`, `producto`.`nombreproducto` AS `nombreproducto`, `detalleventa`.`cantidad` AS `cantidad`, `detalleventa`.`precioventa` AS `precioventa`, `detalleventa`.`cantidad`* `detalleventa`.`precioventa` AS `subtotal` FROM (((`venta` join `cliente`) join `detalleventa`) join `producto`) WHERE `venta`.`codcliente` = `cliente`.`codcliente` AND `venta`.`codventa` = `detalleventa`.`codventa` AND `detalleventa`.`codproducto` = `producto`.`codproducto` ;

-- --------------------------------------------------------

--
-- Estructura para la vista `v_prodmenordiez`
--
DROP TABLE IF EXISTS `v_prodmenordiez`;

CREATE ALGORITHM=UNDEFINED DEFINER=`root`@`localhost` SQL SECURITY DEFINER VIEW `v_prodmenordiez`  AS SELECT `producto`.`codproducto` AS `codproducto`, `producto`.`nombreproducto` AS `nombreproducto`, `producto`.`descripcionproducto` AS `descripcionproducto`, `producto`.`precio` AS `precio`, `producto`.`stock` AS `stock`, `producto`.`codproveedor` AS `codproveedor` FROM `producto` WHERE `producto`.`stock` < 10 ;

-- --------------------------------------------------------

--
-- Estructura para la vista `v_relprodprov`
--
DROP TABLE IF EXISTS `v_relprodprov`;

CREATE ALGORITHM=UNDEFINED DEFINER=`root`@`localhost` SQL SECURITY DEFINER VIEW `v_relprodprov`  AS SELECT `p`.`codproducto` AS `codproducto`, `p`.`nombreproducto` AS `nombreproducto`, `p`.`descripcionproducto` AS `descripcionproducto`, `p`.`precio` AS `precio`, `p`.`stock` AS `stock`, `p`.`codproveedor` AS `codproveedor`, `pr`.`nombreproveedor` AS `nombreproveedor` FROM (`producto` `p` join `proveedor` `pr`) WHERE `p`.`codproveedor` = `pr`.`codproveedor` ;

--
-- Índices para tablas volcadas
--

--
-- Indices de la tabla `cliente`
--
ALTER TABLE `cliente`
  ADD PRIMARY KEY (`codcliente`);

--
-- Indices de la tabla `detalleventa`
--
ALTER TABLE `detalleventa`
  ADD PRIMARY KEY (`coddetalleventa`),
  ADD KEY `fk_codventa` (`codventa`),
  ADD KEY `fk_codproducto` (`codproducto`);

--
-- Indices de la tabla `empleado`
--
ALTER TABLE `empleado`
  ADD PRIMARY KEY (`codempleado`);

--
-- Indices de la tabla `producto`
--
ALTER TABLE `producto`
  ADD PRIMARY KEY (`codproducto`),
  ADD KEY `fk_codproveedor` (`codproveedor`);

--
-- Indices de la tabla `proveedor`
--
ALTER TABLE `proveedor`
  ADD PRIMARY KEY (`codproveedor`);

--
-- Indices de la tabla `venta`
--
ALTER TABLE `venta`
  ADD PRIMARY KEY (`codventa`),
  ADD KEY `fk_codcliente` (`codcliente`),
  ADD KEY `fk_codempleado` (`codempleado`);

--
-- AUTO_INCREMENT de las tablas volcadas
--

--
-- AUTO_INCREMENT de la tabla `cliente`
--
ALTER TABLE `cliente`
  MODIFY `codcliente` int(11) NOT NULL AUTO_INCREMENT, AUTO_INCREMENT=51;

--
-- AUTO_INCREMENT de la tabla `detalleventa`
--
ALTER TABLE `detalleventa`
  MODIFY `coddetalleventa` int(11) NOT NULL AUTO_INCREMENT, AUTO_INCREMENT=1001;

--
-- AUTO_INCREMENT de la tabla `empleado`
--
ALTER TABLE `empleado`
  MODIFY `codempleado` int(11) NOT NULL AUTO_INCREMENT, AUTO_INCREMENT=51;

--
-- AUTO_INCREMENT de la tabla `producto`
--
ALTER TABLE `producto`
  MODIFY `codproducto` int(11) NOT NULL AUTO_INCREMENT, AUTO_INCREMENT=101;

--
-- AUTO_INCREMENT de la tabla `proveedor`
--
ALTER TABLE `proveedor`
  MODIFY `codproveedor` int(11) NOT NULL AUTO_INCREMENT, AUTO_INCREMENT=51;

--
-- AUTO_INCREMENT de la tabla `venta`
--
ALTER TABLE `venta`
  MODIFY `codventa` int(11) NOT NULL AUTO_INCREMENT, AUTO_INCREMENT=201;

--
-- Restricciones para tablas volcadas
--

--
-- Filtros para la tabla `detalleventa`
--
ALTER TABLE `detalleventa`
  ADD CONSTRAINT `fk_codproducto` FOREIGN KEY (`codproducto`) REFERENCES `producto` (`codproducto`),
  ADD CONSTRAINT `fk_codventa` FOREIGN KEY (`codventa`) REFERENCES `venta` (`codventa`);

--
-- Filtros para la tabla `producto`
--
ALTER TABLE `producto`
  ADD CONSTRAINT `fk_codproveedor` FOREIGN KEY (`codproveedor`) REFERENCES `proveedor` (`codproveedor`);

--
-- Filtros para la tabla `venta`
--
ALTER TABLE `venta`
  ADD CONSTRAINT `fk_codcliente` FOREIGN KEY (`codcliente`) REFERENCES `cliente` (`codcliente`),
  ADD CONSTRAINT `fk_codempleado` FOREIGN KEY (`codempleado`) REFERENCES `empleado` (`codempleado`);
COMMIT;

/*!40101 SET CHARACTER_SET_CLIENT=@OLD_CHARACTER_SET_CLIENT */;
/*!40101 SET CHARACTER_SET_RESULTS=@OLD_CHARACTER_SET_RESULTS */;
/*!40101 SET COLLATION_CONNECTION=@OLD_COLLATION_CONNECTION */;
